row_index,order_id,dirty_reasons
0,1000-01,currency_symbol_or_text;decimal_separator_variation;inconsistent_currency;inconsistent_order_id_format;leading_trailing_whitespace;merged_columns_duplicates;missing_value_placeholder;mixed_date_formats;phone_inconsistent_format;quantity_non_numeric;quantity_range_string;tags_mixed_delimiters
1,ORD1001,address_multiline_or_missing_punctuation;currency_symbol_or_text;decimal_separator_variation;inconsistent_order_id_format;leading_trailing_whitespace;merged_columns_duplicates;missing_value_placeholder;mixed_date_formats;outlier_date;phone_inconsistent_format;quantity_non_numeric;quantity_range_string;tax_or_discount_percent_string
2,ORD-1002,currency_symbol_or_text;inconsistent_currency;inconsistent_order_id_format;leading_trailing_whitespace;merged_columns_duplicates;tags_mixed_delimiters
3,ORD-1003,currency_symbol_or_text;decimal_separator_variation;inconsistent_currency;inconsistent_order_id_format;leading_trailing_whitespace;merged_columns_duplicates;missing_value_placeholder;mixed_date_formats;phone_inconsistent_format;product_unknown;quantity_non_numeric
4, 1004 ,address_multiline_or_missing_punctuation;currency_symbol_or_text;decimal_separator_variation;inconsistent_currency;inconsistent_order_id_format;leading_trailing_whitespace;merged_columns_duplicates;missing_value_placeholder;mixed_date_formats;product_name_typo_or_variant;quantity_non_numeric;tags_mixed_delimiters
5, ORD-1005,currency_symbol_or_text;decimal_separator_variation;email_invalid_format;inconsistent_case;inconsistent_currency;inconsistent_order_id_format;leading_trailing_whitespace;merged_columns_duplicates;missing_value_placeholder;mixed_date_formats;tags_mixed_delimiters;total_price_mismatch
6,\t1006-01 ,currency_symbol_or_text;decimal_separator_variation;inconsistent_order_id_format;leading_trailing_whitespace;merged_columns_duplicates;mixed_date_formats;product_name_typo_or_variant;quantity_non_numeric;tax_or_discount_percent_string
7,ORD1007,address_multiline_or_missing_punctuation;currency_symbol_or_text;decimal_separator_variation;email_invalid_format;inconsistent_order_id_format;invalid_date_token;leading_trailing_whitespace;merged_columns_duplicates;missing_value_placeholder;product_name_typo_or_variant;quantity_non_numeric;tags_mixed_delimiters
8,ORD1008,address_multiline_or_missing_punctuation;currency_symbol_or_text;decimal_separator_variation;inconsistent_order_id_format;leading_trailing_whitespace;merged_columns_duplicates;mixed_date_formats;outlier_date;quantity_non_numeric;tags_mixed_delimiters
9,ORD-1009,country_region_mixed;currency_symbol_or_text;inconsistent_case;inconsistent_currency;inconsistent_order_id_format;leading_trailing_whitespace;merged_columns_duplicates;mixed_date_formats;phone_inconsistent_format
10,1010,address_multiline_or_missing_punctuation;currency_symbol_or_text;inconsistent_currency;inconsistent_order_id_format;leading_trailing_whitespace;merged_columns_duplicates;quantity_non_numeric
11,ORD-1011,currency_symbol_or_text;decimal_separator_variation;inconsistent_order_id_format;leading_trailing_whitespace;merged_columns_duplicates;negative_or_parentheses_price;quantity_non_numeric;tags_mixed_delimiters
12,  1012,country_region_mixed;decimal_separator_variation;email_invalid_format;inconsistent_case;inconsistent_order_id_format;leading_trailing_whitespace;merged_columns_duplicates;mixed_date_formats;phone_inconsistent_format;quantity_non_numeric;shipping_cost_free_string;tax_or_discount_percent_string
13,#1013,currency_symbol_or_text;decimal_separator_variation;email_invalid_format;leading_trailing_whitespace;merged_columns_duplicates;phone_inconsistent_format;quantity_non_numeric;tags_mixed_delimiters
14,01014 ,country_region_mixed;decimal_separator_variation;inconsistent_currency;inconsistent_order_id_format;leading_trailing_whitespace;merged_columns_duplicates;missing_value_placeholder;negative_or_parentheses_price;quantity_non_numeric
15,1015-01,address_multiline_or_missing_punctuation;currency_symbol_or_text;inconsistent_currency;inconsistent_order_id_format;leading_trailing_whitespace;merged_columns_duplicates;mixed_date_formats;product_name_typo_or_variant
16,\t01016,address_multiline_or_missing_punctuation;currency_symbol_or_text;decimal_separator_variation;inconsistent_order_id_format;leading_trailing_whitespace;merged_columns_duplicates;missing_value_placeholder;mixed_date_formats;outlier_date;quantity_non_numeric;tags_mixed_delimiters
17,Order ID,currency_symbol_or_text;header_row_inside_data;inconsistent_order_id_format;leading_trailing_whitespace;merged_columns_duplicates;missing_value_placeholder;mixed_date_formats;outlier_date;quantity_non_numeric
18,1018,currency_symbol_or_text;decimal_separator_variation;inconsistent_case;inconsistent_order_id_format;leading_trailing_whitespace;merged_columns_duplicates;mixed_date_formats;phone_inconsistent_format;quantity_non_numeric;tags_mixed_delimiters;tax_or_discount_percent_string
19,null,currency_symbol_or_text;decimal_separator_variation;inconsistent_case;inconsistent_order_id_format;invalid_date_token;leading_trailing_whitespace;merged_columns_duplicates;missing_value_placeholder;negative_or_parentheses_price;quantity_non_numeric;tags_mixed_delimiters
20,01020,address_multiline_or_missing_punctuation;currency_symbol_or_text;email_invalid_format;inconsistent_order_id_format;leading_trailing_whitespace;merged_columns_duplicates;missing_value_placeholder;mixed_date_formats;negative_or_parentheses_price;product_name_typo_or_variant;shipping_cost_free_string;total_price_mismatch
21,ORD1021,address_multiline_or_missing_punctuation;currency_symbol_or_text;inconsistent_currency;inconsistent_order_id_format;leading_trailing_whitespace;merged_columns_duplicates;missing_value_placeholder;mixed_date_formats;negative_or_parentheses_price;quantity_non_numeric;quantity_range_string;shipping_cost_free_string;tags_mixed_delimiters
22,1022-01,address_multiline_or_missing_punctuation;country_region_mixed;currency_symbol_or_text;decimal_separator_variation;inconsistent_order_id_format;leading_trailing_whitespace;merged_columns_duplicates;missing_value_placeholder;product_name_typo_or_variant;quantity_non_numeric;tax_or_discount_percent_string
23,01023,currency_symbol_or_text;inconsistent_case;inconsistent_currency;inconsistent_order_id_format;leading_trailing_whitespace;merged_columns_duplicates;negative_or_parentheses_price;phone_inconsistent_format;quantity_non_numeric;tags_mixed_delimiters
24,#1024,country_region_mixed;currency_symbol_or_text;decimal_separator_variation;leading_trailing_whitespace;merged_columns_duplicates;missing_value_placeholder;product_unknown;quantity_non_numeric;tags_mixed_delimiters
25,#1025,address_multiline_or_missing_punctuation;currency_symbol_or_text;decimal_separator_variation;email_invalid_format;leading_trailing_whitespace;merged_columns_duplicates;missing_value_placeholder;mixed_date_formats;product_name_typo_or_variant
26,ORD-1026,currency_symbol_or_text;decimal_separator_variation;email_invalid_format;inconsistent_case;inconsistent_order_id_format;leading_trailing_whitespace;merged_columns_duplicates;mixed_date_formats;negative_or_parentheses_price;quantity_non_numeric;tags_mixed_delimiters
27,ORD1027,currency_symbol_or_text;decimal_separator_variation;inconsistent_currency;inconsistent_order_id_format;leading_trailing_whitespace;merged_columns_duplicates;missing_value_placeholder;tags_mixed_delimiters
28, #1028,country_region_mixed;decimal_separator_variation;leading_trailing_whitespace;merged_columns_duplicates;negative_or_parentheses_price
29,1029-01,address_multiline_or_missing_punctuation;country_region_mixed;currency_symbol_or_text;decimal_separator_variation;inconsistent_case;inconsistent_currency;inconsistent_order_id_format;leading_trailing_whitespace;merged_columns_duplicates;missing_value_placeholder;quantity_non_numeric;tags_mixed_delimiters
30,1030-01,country_region_mixed;currency_symbol_or_text;inconsistent_case;inconsistent_order_id_format;leading_trailing_whitespace;merged_columns_duplicates;mixed_date_formats;quantity_non_numeric;quantity_range_string;tags_mixed_delimiters;tax_or_discount_percent_string
31,  1031-01,address_multiline_or_missing_punctuation;country_region_mixed;currency_symbol_or_text;decimal_separator_variation;inconsistent_case;inconsistent_currency;inconsistent_order_id_format;leading_trailing_whitespace;merged_columns_duplicates;mixed_date_formats;phone_inconsistent_format;quantity_non_numeric;tax_or_discount_percent_string
32,1032,currency_symbol_or_text;email_invalid_format;inconsistent_case;inconsistent_currency;inconsistent_order_id_format;leading_trailing_whitespace;merged_columns_duplicates;mixed_date_formats;quantity_non_numeric;quantity_range_string;swapped_fields
33,01033,address_multiline_or_missing_punctuation;currency_symbol_or_text;decimal_separator_variation;inconsistent_currency;inconsistent_order_id_format;leading_trailing_whitespace;merged_columns_duplicates;mixed_date_formats;quantity_non_numeric;quantity_range_string;swapped_fields;tags_mixed_delimiters;tax_or_discount_percent_string
34, 1034 ,currency_symbol_or_text;inconsistent_currency;inconsistent_order_id_format;leading_trailing_whitespace;merged_columns_duplicates;negative_or_parentheses_price;outlier_date
35,\tOrder ID  ,country_region_mixed;header_row_inside_data;inconsistent_case;inconsistent_currency;inconsistent_order_id_format;leading_trailing_whitespace;merged_columns_duplicates;mixed_date_formats;negative_or_parentheses_price;quantity_non_numeric;tags_mixed_delimiters
36,ORD1036,currency_symbol_or_text;email_invalid_format;inconsistent_currency;inconsistent_order_id_format;leading_trailing_whitespace;merged_columns_duplicates;missing_value_placeholder;negative_or_parentheses_price;phone_inconsistent_format;product_name_typo_or_variant;quantity_non_numeric;quantity_range_string
37,ORD-1037,currency_symbol_or_text;email_invalid_format;inconsistent_case;inconsistent_order_id_format;leading_trailing_whitespace;merged_columns_duplicates;missing_value_placeholder;negative_or_parentheses_price;quantity_non_numeric;tax_or_discount_percent_string
38,1038-01,currency_symbol_or_text;decimal_separator_variation;inconsistent_currency;inconsistent_order_id_format;leading_trailing_whitespace;merged_columns_duplicates;missing_value_placeholder;product_unknown;quantity_non_numeric;tags_mixed_delimiters
39,#1039,address_multiline_or_missing_punctuation;currency_symbol_or_text;decimal_separator_variation;leading_trailing_whitespace;merged_columns_duplicates;missing_value_placeholder;mixed_date_formats;quantity_non_numeric
40, ,country_region_mixed;currency_symbol_or_text;decimal_separator_variation;inconsistent_order_id_format;leading_trailing_whitespace;merged_columns_duplicates;missing_value_placeholder;mixed_date_formats;product_name_typo_or_variant;quantity_non_numeric;tags_mixed_delimiters
41,1041-01,currency_symbol_or_text;decimal_separator_variation;inconsistent_currency;inconsistent_order_id_format;leading_trailing_whitespace;merged_columns_duplicates;missing_value_placeholder;mixed_date_formats;quantity_non_numeric
42,01042,currency_symbol_or_text;decimal_separator_variation;inconsistent_order_id_format;invalid_date_token;leading_trailing_whitespace;merged_columns_duplicates;missing_value_placeholder;quantity_non_numeric;quantity_range_string;tags_mixed_delimiters
43, 1043 ,currency_symbol_or_text;decimal_separator_variation;inconsistent_currency;inconsistent_order_id_format;leading_trailing_whitespace;merged_columns_duplicates;mixed_date_formats;quantity_non_numeric;tags_mixed_delimiters
44,ORD1044,currency_symbol_or_text;decimal_separator_variation;inconsistent_currency;inconsistent_order_id_format;leading_trailing_whitespace;merged_columns_duplicates;missing_value_placeholder;mixed_date_formats;negative_or_parentheses_price;quantity_non_numeric;tags_mixed_delimiters
45,#1045,currency_symbol_or_text;decimal_separator_variation;inconsistent_currency;leading_trailing_whitespace;merged_columns_duplicates;missing_value_placeholder;mixed_date_formats
46,#1046,decimal_separator_variation;email_invalid_format;inconsistent_case;leading_trailing_whitespace;merged_columns_duplicates;mixed_date_formats;negative_or_parentheses_price;quantity_non_numeric;tags_mixed_delimiters;tax_or_discount_percent_string
47,-,address_multiline_or_missing_punctuation;country_region_mixed;currency_symbol_or_text;decimal_separator_variation;email_invalid_format;inconsistent_case;leading_trailing_whitespace;merged_columns_duplicates;missing_value_placeholder;mixed_date_formats;phone_inconsistent_format;quantity_non_numeric
48,ORD1048,decimal_separator_variation;inconsistent_order_id_format;leading_trailing_whitespace;merged_columns_duplicates;negative_or_parentheses_price;phone_inconsistent_format;product_name_typo_or_variant;quantity_non_numeric;quantity_range_string;shipping_cost_free_string;tags_mixed_delimiters
49,  ORD-1049  ,address_multiline_or_missing_punctuation;country_region_mixed;inconsistent_order_id_format;leading_trailing_whitespace;merged_columns_duplicates;missing_value_placeholder;mixed_date_formats;negative_or_parentheses_price;product_unknown;tags_mixed_delimiters
50,01050  ,address_multiline_or_missing_punctuation;currency_symbol_or_text;decimal_separator_variation;inconsistent_case;inconsistent_order_id_format;leading_trailing_whitespace;merged_columns_duplicates;missing_value_placeholder;negative_or_parentheses_price;quantity_non_numeric;tags_mixed_delimiters
51, 1051 ,currency_symbol_or_text;email_invalid_format;inconsistent_currency;inconsistent_order_id_format;leading_trailing_whitespace;merged_columns_duplicates;missing_value_placeholder;mixed_date_formats;phone_inconsistent_format;quantity_non_numeric;tags_mixed_delimiters
52, 1052 ,currency_symbol_or_text;inconsistent_order_id_format;leading_trailing_whitespace;merged_columns_duplicates;missing_value_placeholder;mixed_date_formats;quantity_non_numeric;tags_mixed_delimiters
53,ORD-1053,country_region_mixed;currency_symbol_or_text;decimal_separator_variation;inconsistent_case;inconsistent_currency;inconsistent_order_id_format;leading_trailing_whitespace;merged_columns_duplicates;mixed_date_formats;quantity_non_numeric;quantity_range_string;tags_mixed_delimiters;tax_or_discount_percent_string
54,1054,country_region_mixed;currency_symbol_or_text;decimal_separator_variation;inconsistent_order_id_format;leading_trailing_whitespace;merged_columns_duplicates;mixed_date_formats;negative_or_parentheses_price;quantity_non_numeric
55,   1055  ,address_multiline_or_missing_punctuation;country_region_mixed;currency_symbol_or_text;decimal_separator_variation;inconsistent_case;inconsistent_order_id_format;leading_trailing_whitespace;merged_columns_duplicates;missing_value_placeholder;mixed_date_formats;quantity_non_numeric;quantity_range_string
56,  1056   ,currency_symbol_or_text;decimal_separator_variation;email_invalid_format;inconsistent_currency;inconsistent_order_id_format;leading_trailing_whitespace;merged_columns_duplicates;missing_value_placeholder;mixed_date_formats;quantity_non_numeric;shipping_cost_free_string;tags_mixed_delimiters
57,01057,country_region_mixed;currency_symbol_or_text;decimal_separator_variation;inconsistent_order_id_format;leading_trailing_whitespace;merged_columns_duplicates;missing_value_placeholder;mixed_date_formats;quantity_non_numeric
58, 01058  ,address_multiline_or_missing_punctuation;currency_symbol_or_text;decimal_separator_variation;inconsistent_order_id_format;leading_trailing_whitespace;merged_columns_duplicates;mixed_date_formats;negative_or_parentheses_price;quantity_non_numeric
59,1059-01,address_multiline_or_missing_punctuation;decimal_separator_variation;inconsistent_case;inconsistent_order_id_format;leading_trailing_whitespace;merged_columns_duplicates;missing_value_placeholder;mixed_date_formats;negative_or_parentheses_price;phone_inconsistent_format
60,-,currency_symbol_or_text;email_invalid_format;inconsistent_order_id_format;leading_trailing_whitespace;merged_columns_duplicates;missing_value_placeholder;mixed_date_formats;outlier_date;tags_mixed_delimiters
61,ORD1061,currency_symbol_or_text;inconsistent_order_id_format;leading_trailing_whitespace;merged_columns_duplicates;mixed_date_formats;quantity_non_numeric;quantity_range_string;tags_mixed_delimiters
62,01062,country_region_mixed;currency_symbol_or_text;decimal_separator_variation;email_invalid_format;inconsistent_order_id_format;leading_trailing_whitespace;merged_columns_duplicates;mixed_date_formats;product_name_typo_or_variant;quantity_non_numeric
63,1063-01,address_multiline_or_missing_punctuation;currency_symbol_or_text;decimal_separator_variation;inconsistent_order_id_format;leading_trailing_whitespace;merged_columns_duplicates;missing_value_placeholder;product_name_typo_or_variant;tax_or_discount_percent_string
64,  #1064,currency_symbol_or_text;decimal_separator_variation;leading_trailing_whitespace;merged_columns_duplicates;mixed_date_formats;quantity_non_numeric
65,\t#1065  ,decimal_separator_variation;inconsistent_currency;leading_trailing_whitespace;merged_columns_duplicates;negative_or_parentheses_price;phone_inconsistent_format;quantity_non_numeric;quantity_range_string;shipping_cost_free_string;tax_or_discount_percent_string
66,1066-01,decimal_separator_variation;inconsistent_currency;inconsistent_order_id_format;leading_trailing_whitespace;merged_columns_duplicates;missing_value_placeholder;phone_inconsistent_format;product_name_typo_or_variant;quantity_non_numeric
67,01067,decimal_separator_variation;inconsistent_order_id_format;leading_trailing_whitespace;merged_columns_duplicates;missing_value_placeholder;quantity_non_numeric;tags_mixed_delimiters
68,#1068,currency_symbol_or_text;decimal_separator_variation;email_invalid_format;inconsistent_currency;leading_trailing_whitespace;merged_columns_duplicates;mixed_date_formats;negative_or_parentheses_price;quantity_non_numeric;quantity_range_string
69,#1069,country_region_mixed;currency_symbol_or_text;decimal_separator_variation;leading_trailing_whitespace;merged_columns_duplicates;missing_value_placeholder;quantity_non_numeric;shipping_cost_free_string;tags_mixed_delimiters
70,  #1070  ,currency_symbol_or_text;decimal_separator_variation;leading_trailing_whitespace;merged_columns_duplicates;mixed_date_formats;tags_mixed_delimiters
71,#1071,currency_symbol_or_text;email_invalid_format;inconsistent_currency;leading_trailing_whitespace;merged_columns_duplicates;missing_value_placeholder;quantity_non_numeric;quantity_range_string;tags_mixed_delimiters
72,  #1072 ,country_region_mixed;currency_symbol_or_text;decimal_separator_variation;inconsistent_currency;leading_trailing_whitespace;merged_columns_duplicates;mixed_date_formats;quantity_non_numeric;quantity_range_string
73,1073,country_region_mixed;decimal_separator_variation;inconsistent_order_id_format;leading_trailing_whitespace;merged_columns_duplicates;negative_or_parentheses_price;quantity_non_numeric;quantity_range_string;tags_mixed_delimiters
74,ORD1074,country_region_mixed;currency_symbol_or_text;email_invalid_format;inconsistent_order_id_format;leading_trailing_whitespace;merged_columns_duplicates;mixed_date_formats;negative_or_parentheses_price;quantity_non_numeric
75,01075,address_multiline_or_missing_punctuation;decimal_separator_variation;inconsistent_currency;inconsistent_order_id_format;leading_trailing_whitespace;merged_columns_duplicates;missing_value_placeholder;negative_or_parentheses_price;product_unknown;quantity_non_numeric;swapped_fields;tags_mixed_delimiters
76, ORD-1076,country_region_mixed;decimal_separator_variation;inconsistent_case;inconsistent_currency;inconsistent_order_id_format;leading_trailing_whitespace;merged_columns_duplicates;missing_value_placeholder;mixed_date_formats;quantity_non_numeric;tax_or_discount_percent_string
77,ORD-1077,country_region_mixed;currency_symbol_or_text;email_invalid_format;inconsistent_order_id_format;invalid_date_token;leading_trailing_whitespace;merged_columns_duplicates;phone_inconsistent_format;quantity_non_numeric;quantity_range_string;tags_mixed_delimiters
78,1078,decimal_separator_variation;email_invalid_format;inconsistent_case;inconsistent_currency;inconsistent_order_id_format;leading_trailing_whitespace;merged_columns_duplicates;missing_value_placeholder;phone_inconsistent_format;quantity_non_numeric;tags_mixed_delimiters;tax_or_discount_percent_string
79, 1079   ,address_multiline_or_missing_punctuation;currency_symbol_or_text;decimal_separator_variation;inconsistent_case;inconsistent_currency;inconsistent_order_id_format;leading_trailing_whitespace;merged_columns_duplicates;missing_value_placeholder;phone_inconsistent_format;tags_mixed_delimiters
80,01080,country_region_mixed;decimal_separator_variation;email_invalid_format;inconsistent_currency;inconsistent_order_id_format;invalid_date_token;merged_columns_duplicates;shipping_cost_free_string;tax_or_discount_percent_string;total_price_mismatch
81, 1081 ,country_region_mixed;currency_symbol_or_text;email_invalid_format;inconsistent_currency;inconsistent_order_id_format;leading_trailing_whitespace;merged_columns_duplicates;missing_value_placeholder;product_name_typo_or_variant;quantity_non_numeric;shipping_cost_free_string;tax_or_discount_percent_string
82, 1082 ,currency_symbol_or_text;decimal_separator_variation;inconsistent_order_id_format;leading_trailing_whitespace;merged_columns_duplicates;missing_value_placeholder;mixed_date_formats;product_name_typo_or_variant;quantity_non_numeric;tags_mixed_delimiters
83,#1083,address_multiline_or_missing_punctuation;currency_symbol_or_text;leading_trailing_whitespace;merged_columns_duplicates;quantity_non_numeric;tags_mixed_delimiters;tax_or_discount_percent_string
84,ORD1084,currency_symbol_or_text;inconsistent_order_id_format;leading_trailing_whitespace;merged_columns_duplicates;mixed_date_formats;negative_or_parentheses_price;quantity_non_numeric
85,#1085,country_region_mixed;currency_symbol_or_text;inconsistent_currency;leading_trailing_whitespace;merged_columns_duplicates;mixed_date_formats;negative_or_parentheses_price;quantity_non_numeric;quantity_range_string
86,  1086 ,address_multiline_or_missing_punctuation;currency_symbol_or_text;inconsistent_currency;inconsistent_order_id_format;leading_trailing_whitespace;merged_columns_duplicates;missing_value_placeholder;quantity_non_numeric;tags_mixed_delimiters
87, 1087 ,country_region_mixed;currency_symbol_or_text;decimal_separator_variation;email_invalid_format;inconsistent_order_id_format;leading_trailing_whitespace;merged_columns_duplicates;mixed_date_formats;quantity_non_numeric
88,01088,address_multiline_or_missing_punctuation;decimal_separator_variation;inconsistent_order_id_format;leading_trailing_whitespace;merged_columns_duplicates;missing_value_placeholder;negative_or_parentheses_price;product_unknown;quantity_non_numeric;quantity_range_string;shipping_cost_free_string
89,01089 ,country_region_mixed;currency_symbol_or_text;inconsistent_order_id_format;leading_trailing_whitespace;merged_columns_duplicates;missing_value_placeholder;mixed_date_formats;phone_inconsistent_format;product_name_typo_or_variant;quantity_non_numeric;tags_mixed_delimiters;tax_or_discount_percent_string
90,1090-01,currency_symbol_or_text;inconsistent_case;inconsistent_currency;inconsistent_order_id_format;leading_trailing_whitespace;merged_columns_duplicates;missing_value_placeholder;negative_or_parentheses_price;quantity_non_numeric;quantity_range_string;swapped_fields
91,ORD1091,address_multiline_or_missing_punctuation;currency_symbol_or_text;decimal_separator_variation;inconsistent_case;inconsistent_order_id_format;leading_trailing_whitespace;merged_columns_duplicates;outlier_date;quantity_non_numeric;tags_mixed_delimiters
92, 1092  ,country_region_mixed;currency_symbol_or_text;decimal_separator_variation;inconsistent_currency;inconsistent_order_id_format;leading_trailing_whitespace;merged_columns_duplicates;missing_value_placeholder;negative_or_parentheses_price;product_unknown;quantity_non_numeric;quantity_range_string;tags_mixed_delimiters
93,1093,country_region_mixed;decimal_separator_variation;inconsistent_currency;inconsistent_order_id_format;leading_trailing_whitespace;merged_columns_duplicates;missing_value_placeholder;phone_inconsistent_format;quantity_non_numeric;swapped_fields;tags_mixed_delimiters;tax_or_discount_percent_string
94, 1094 ,country_region_mixed;decimal_separator_variation;email_invalid_format;inconsistent_case;inconsistent_order_id_format;leading_trailing_whitespace;merged_columns_duplicates;missing_value_placeholder;quantity_non_numeric;quantity_range_string;swapped_fields;tags_mixed_delimiters
95, 1095 ,currency_symbol_or_text;decimal_separator_variation;email_invalid_format;inconsistent_order_id_format;leading_trailing_whitespace;merged_columns_duplicates;product_unknown;quantity_non_numeric;shipping_cost_free_string;tags_mixed_delimiters
96,  #1096,currency_symbol_or_text;inconsistent_case;leading_trailing_whitespace;merged_columns_duplicates;missing_value_placeholder;negative_or_parentheses_price;phone_inconsistent_format;quantity_non_numeric;tags_mixed_delimiters;tax_or_discount_percent_string
97,ORD1097,address_multiline_or_missing_punctuation;country_region_mixed;currency_symbol_or_text;decimal_separator_variation;inconsistent_currency;inconsistent_order_id_format;leading_trailing_whitespace;merged_columns_duplicates;quantity_non_numeric;tax_or_discount_percent_string
98,\t 1098   ,currency_symbol_or_text;email_invalid_format;inconsistent_case;inconsistent_order_id_format;invalid_date_token;leading_trailing_whitespace;merged_columns_duplicates;missing_value_placeholder;quantity_non_numeric;quantity_range_string;tags_mixed_delimiters;tax_or_discount_percent_string;total_price_mismatch
99,1099-01,country_region_mixed;currency_symbol_or_text;decimal_separator_variation;inconsistent_currency;inconsistent_order_id_format;leading_trailing_whitespace;merged_columns_duplicates;mixed_date_formats;quantity_non_numeric;quantity_range_string;tags_mixed_delimiters
100,1100-01,currency_symbol_or_text;decimal_separator_variation;inconsistent_currency;inconsistent_order_id_format;leading_trailing_whitespace;merged_columns_duplicates;missing_value_placeholder;mixed_date_formats;negative_or_parentheses_price;quantity_non_numeric;swapped_fields
101,#1101,currency_symbol_or_text;decimal_separator_variation;leading_trailing_whitespace;merged_columns_duplicates;missing_value_placeholder;mixed_date_formats;negative_or_parentheses_price;quantity_non_numeric;tags_mixed_delimiters
102,1102,address_multiline_or_missing_punctuation;country_region_mixed;currency_symbol_or_text;decimal_separator_variation;inconsistent_case;inconsistent_currency;inconsistent_order_id_format;leading_trailing_whitespace;merged_columns_duplicates;quantity_non_numeric;tags_mixed_delimiters;total_price_mismatch
103,#1103,currency_symbol_or_text;decimal_separator_variation;leading_trailing_whitespace;merged_columns_duplicates;tags_mixed_delimiters
104,ORD1104,currency_symbol_or_text;decimal_separator_variation;email_invalid_format;inconsistent_order_id_format;leading_trailing_whitespace;merged_columns_duplicates;missing_value_placeholder;mixed_date_formats;outlier_date;phone_inconsistent_format;quantity_non_numeric;tags_mixed_delimiters;tax_or_discount_percent_string
105,ORD1105,inconsistent_currency;inconsistent_order_id_format;leading_trailing_whitespace;merged_columns_duplicates;missing_value_placeholder;mixed_date_formats;product_name_typo_or_variant;quantity_non_numeric;tax_or_discount_percent_string
106,Order ID,currency_symbol_or_text;decimal_separator_variation;email_invalid_format;header_row_inside_data;inconsistent_currency;inconsistent_order_id_format;leading_trailing_whitespace;merged_columns_duplicates;missing_value_placeholder;negative_or_parentheses_price;product_unknown;quantity_non_numeric;tags_mixed_delimiters
107,#1107,country_region_mixed;currency_symbol_or_text;decimal_separator_variation;inconsistent_currency;leading_trailing_whitespace;merged_columns_duplicates;missing_value_placeholder;negative_or_parentheses_price;quantity_non_numeric;tags_mixed_delimiters
108, ORD-1108,currency_symbol_or_text;decimal_separator_variation;inconsistent_order_id_format;leading_trailing_whitespace;merged_columns_duplicates;phone_inconsistent_format;product_name_typo_or_variant;quantity_non_numeric;shipping_cost_free_string;tags_mixed_delimiters
109,ORD-1109,country_region_mixed;currency_symbol_or_text;decimal_separator_variation;email_invalid_format;inconsistent_currency;inconsistent_order_id_format;leading_trailing_whitespace;merged_columns_duplicates;missing_value_placeholder;quantity_non_numeric;swapped_fields
110,01110,currency_symbol_or_text;decimal_separator_variation;inconsistent_currency;inconsistent_order_id_format;leading_trailing_whitespace;merged_columns_duplicates;missing_value_placeholder;quantity_non_numeric;quantity_range_string
111, 1111 ,currency_symbol_or_text;decimal_separator_variation;email_invalid_format;inconsistent_currency;inconsistent_order_id_format;leading_trailing_whitespace;merged_columns_duplicates;missing_value_placeholder;product_name_typo_or_variant;tags_mixed_delimiters
112,ORD-1112,address_multiline_or_missing_punctuation;currency_symbol_or_text;decimal_separator_variation;inconsistent_order_id_format;leading_trailing_whitespace;merged_columns_duplicates;missing_value_placeholder;negative_or_parentheses_price;product_name_typo_or_variant;quantity_non_numeric
113, ORD-1113  ,currency_symbol_or_text;decimal_separator_variation;inconsistent_currency;inconsistent_order_id_format;leading_trailing_whitespace;merged_columns_duplicates;missing_value_placeholder;product_name_typo_or_variant;quantity_non_numeric;tags_mixed_delimiters
114,1114,country_region_mixed;currency_symbol_or_text;decimal_separator_variation;inconsistent_case;inconsistent_currency;inconsistent_order_id_format;leading_trailing_whitespace;merged_columns_duplicates;missing_value_placeholder;mixed_date_formats;quantity_non_numeric
115,#1115,invalid_date_token;leading_trailing_whitespace;merged_columns_duplicates;quantity_non_numeric;tags_mixed_delimiters;tax_or_discount_percent_string
116, ORD1116,currency_symbol_or_text;inconsistent_currency;inconsistent_order_id_format;leading_trailing_whitespace;merged_columns_duplicates;mixed_date_formats;negative_or_parentheses_price;tags_mixed_delimiters;tax_or_discount_percent_string
117,ORD1117,country_region_mixed;currency_symbol_or_text;decimal_separator_variation;inconsistent_currency;inconsistent_order_id_format;leading_trailing_whitespace;merged_columns_duplicates;mixed_date_formats;product_unknown;quantity_non_numeric
118,01118,currency_symbol_or_text;inconsistent_case;inconsistent_order_id_format;leading_trailing_whitespace;merged_columns_duplicates;mixed_date_formats;phone_inconsistent_format;quantity_non_numeric
119,1119,address_multiline_or_missing_punctuation;country_region_mixed;currency_symbol_or_text;decimal_separator_variation;inconsistent_currency;inconsistent_order_id_format;leading_trailing_whitespace;merged_columns_duplicates;quantity_non_numeric;quantity_range_string;total_price_mismatch
120,Order ID,country_region_mixed;currency_symbol_or_text;decimal_separator_variation;email_invalid_format;header_row_inside_data;inconsistent_currency;inconsistent_order_id_format;leading_trailing_whitespace;merged_columns_duplicates;missing_value_placeholder;mixed_date_formats;tags_mixed_delimiters
121,#1121,currency_symbol_or_text;decimal_separator_variation;email_invalid_format;inconsistent_currency;leading_trailing_whitespace;merged_columns_duplicates;missing_value_placeholder;mixed_date_formats;phone_inconsistent_format;quantity_non_numeric;tags_mixed_delimiters
122,1122,currency_symbol_or_text;decimal_separator_variation;inconsistent_order_id_format;leading_trailing_whitespace;merged_columns_duplicates;negative_or_parentheses_price;tags_mixed_delimiters
123,01123,country_region_mixed;currency_symbol_or_text;inconsistent_case;inconsistent_order_id_format;leading_trailing_whitespace;merged_columns_duplicates;missing_value_placeholder;mixed_date_formats;quantity_non_numeric;tags_mixed_delimiters
124, 1124 ,address_multiline_or_missing_punctuation;currency_symbol_or_text;decimal_separator_variation;email_invalid_format;inconsistent_case;inconsistent_order_id_format;leading_trailing_whitespace;merged_columns_duplicates;missing_value_placeholder;mixed_date_formats;phone_inconsistent_format;quantity_non_numeric
125, 1125 ,currency_symbol_or_text;email_invalid_format;inconsistent_order_id_format;leading_trailing_whitespace;merged_columns_duplicates;mixed_date_formats;phone_inconsistent_format;quantity_non_numeric;quantity_range_string;tags_mixed_delimiters
126,1126,country_region_mixed;currency_symbol_or_text;decimal_separator_variation;inconsistent_currency;inconsistent_order_id_format;leading_trailing_whitespace;merged_columns_duplicates;missing_value_placeholder;mixed_date_formats;negative_or_parentheses_price;quantity_non_numeric
127,#1127,currency_symbol_or_text;decimal_separator_variation;email_invalid_format;leading_trailing_whitespace;merged_columns_duplicates;mixed_date_formats;quantity_non_numeric;tax_or_discount_percent_string
128, ,address_multiline_or_missing_punctuation;currency_symbol_or_text;email_invalid_format;inconsistent_order_id_format;leading_trailing_whitespace;merged_columns_duplicates;missing_value_placeholder;quantity_non_numeric;tags_mixed_delimiters
129,ORD-1129,address_multiline_or_missing_punctuation;country_region_mixed;currency_symbol_or_text;decimal_separator_variation;inconsistent_order_id_format;leading_trailing_whitespace;merged_columns_duplicates;mixed_date_formats;phone_inconsistent_format;product_name_typo_or_variant;quantity_non_numeric
130,1130-01,currency_symbol_or_text;inconsistent_order_id_format;leading_trailing_whitespace;merged_columns_duplicates;mixed_date_formats;negative_or_parentheses_price;phone_inconsistent_format;quantity_non_numeric;quantity_range_string;tags_mixed_delimiters
131,#1131,currency_symbol_or_text;leading_trailing_whitespace;merged_columns_duplicates;missing_value_placeholder
132,1132-01,currency_symbol_or_text;decimal_separator_variation;inconsistent_currency;inconsistent_order_id_format;leading_trailing_whitespace;merged_columns_duplicates;mixed_date_formats;quantity_non_numeric;tags_mixed_delimiters;total_price_mismatch
133,\t1133-01  ,currency_symbol_or_text;inconsistent_case;inconsistent_order_id_format;leading_trailing_whitespace;merged_columns_duplicates;missing_value_placeholder;negative_or_parentheses_price;quantity_non_numeric;shipping_cost_free_string;tags_mixed_delimiters
134,ORD-1134,currency_symbol_or_text;decimal_separator_variation;email_invalid_format;inconsistent_order_id_format;leading_trailing_whitespace;merged_columns_duplicates;missing_value_placeholder;quantity_non_numeric
135,NULL,country_region_mixed;currency_symbol_or_text;decimal_separator_variation;inconsistent_currency;leading_trailing_whitespace;merged_columns_duplicates;missing_value_placeholder;mixed_date_formats;product_unknown;quantity_non_numeric;quantity_range_string;tags_mixed_delimiters
136,01136,currency_symbol_or_text;decimal_separator_variation;inconsistent_case;inconsistent_order_id_format;leading_trailing_whitespace;merged_columns_duplicates;missing_value_placeholder;mixed_date_formats;phone_inconsistent_format;quantity_non_numeric
137,  1137-01 ,country_region_mixed;currency_symbol_or_text;inconsistent_currency;inconsistent_order_id_format;leading_trailing_whitespace;merged_columns_duplicates;missing_value_placeholder;negative_or_parentheses_price;quantity_non_numeric
138,Order ID,country_region_mixed;currency_symbol_or_text;email_invalid_format;header_row_inside_data;inconsistent_currency;inconsistent_order_id_format;leading_trailing_whitespace;merged_columns_duplicates;mixed_date_formats;shipping_cost_free_string;tags_mixed_delimiters;total_price_mismatch
139,1139-01,country_region_mixed;decimal_separator_variation;email_invalid_format;inconsistent_currency;inconsistent_order_id_format;leading_trailing_whitespace;merged_columns_duplicates;missing_value_placeholder;phone_inconsistent_format;quantity_non_numeric;quantity_range_string
140,ORD-1140,address_multiline_or_missing_punctuation;country_region_mixed;decimal_separator_variation;email_invalid_format;inconsistent_order_id_format;leading_trailing_whitespace;merged_columns_duplicates;missing_value_placeholder;mixed_date_formats;product_unknown;quantity_non_numeric;quantity_range_string;tags_mixed_delimiters;total_price_mismatch
141,#1141,currency_symbol_or_text;decimal_separator_variation;inconsistent_currency;leading_trailing_whitespace;merged_columns_duplicates;mixed_date_formats;negative_or_parentheses_price;outlier_date;product_name_typo_or_variant;quantity_non_numeric
142,  1142 ,country_region_mixed;currency_symbol_or_text;decimal_separator_variation;inconsistent_order_id_format;leading_trailing_whitespace;merged_columns_duplicates;missing_value_placeholder;negative_or_parentheses_price;quantity_non_numeric;tax_or_discount_percent_string
143,1143,country_region_mixed;currency_symbol_or_text;decimal_separator_variation;inconsistent_case;inconsistent_order_id_format;leading_trailing_whitespace;merged_columns_duplicates;negative_or_parentheses_price;phone_inconsistent_format;quantity_non_numeric
144,01144,address_multiline_or_missing_punctuation;country_region_mixed;currency_symbol_or_text;decimal_separator_variation;inconsistent_currency;inconsistent_order_id_format;leading_trailing_whitespace;merged_columns_duplicates;missing_value_placeholder;product_unknown;quantity_non_numeric;swapped_fields;tags_mixed_delimiters
145,1145,address_multiline_or_missing_punctuation;country_region_mixed;currency_symbol_or_text;decimal_separator_variation;email_invalid_format;inconsistent_case;inconsistent_currency;inconsistent_order_id_format;leading_trailing_whitespace;merged_columns_duplicates;missing_value_placeholder;mixed_date_formats;quantity_non_numeric;tags_mixed_delimiters
146,01146,country_region_mixed;currency_symbol_or_text;inconsistent_currency;inconsistent_order_id_format;leading_trailing_whitespace;merged_columns_duplicates;mixed_date_formats;quantity_non_numeric
147,1147,currency_symbol_or_text;decimal_separator_variation;inconsistent_order_id_format;leading_trailing_whitespace;merged_columns_duplicates;product_unknown;quantity_non_numeric;tags_mixed_delimiters
148,01148,country_region_mixed;currency_symbol_or_text;email_invalid_format;inconsistent_currency;inconsistent_order_id_format;leading_trailing_whitespace;merged_columns_duplicates;missing_value_placeholder;phone_inconsistent_format;product_name_typo_or_variant;quantity_non_numeric
149,ORD1149,address_multiline_or_missing_punctuation;currency_symbol_or_text;decimal_separator_variation;inconsistent_currency;inconsistent_order_id_format;leading_trailing_whitespace;merged_columns_duplicates;missing_value_placeholder;negative_or_parentheses_price;product_name_typo_or_variant;quantity_non_numeric;quantity_range_string
150,ORD1150,address_multiline_or_missing_punctuation;country_region_mixed;currency_symbol_or_text;inconsistent_currency;inconsistent_order_id_format;leading_trailing_whitespace;merged_columns_duplicates;mixed_date_formats;quantity_non_numeric;quantity_range_string;tax_or_discount_percent_string
151,ORD-1151,address_multiline_or_missing_punctuation;country_region_mixed;currency_symbol_or_text;inconsistent_currency;inconsistent_order_id_format;leading_trailing_whitespace;merged_columns_duplicates;missing_value_placeholder;mixed_date_formats;product_unknown;quantity_non_numeric;tags_mixed_delimiters
152,01152,currency_symbol_or_text;decimal_separator_variation;email_invalid_format;inconsistent_currency;inconsistent_order_id_format;leading_trailing_whitespace;merged_columns_duplicates;missing_value_placeholder;mixed_date_formats;product_name_typo_or_variant;quantity_non_numeric;tags_mixed_delimiters
153,1153-01,country_region_mixed;decimal_separator_variation;inconsistent_case;inconsistent_currency;inconsistent_order_id_format;leading_trailing_whitespace;merged_columns_duplicates;mixed_date_formats;negative_or_parentheses_price;phone_inconsistent_format;quantity_non_numeric;tax_or_discount_percent_string
154,ORD-1154,currency_symbol_or_text;inconsistent_currency;inconsistent_order_id_format;leading_trailing_whitespace;merged_columns_duplicates;mixed_date_formats;phone_inconsistent_format;quantity_non_numeric;tax_or_discount_percent_string
155,Order ID,currency_symbol_or_text;header_row_inside_data;inconsistent_order_id_format;leading_trailing_whitespace;merged_columns_duplicates;negative_or_parentheses_price;quantity_non_numeric;tags_mixed_delimiters
156,1156,country_region_mixed;currency_symbol_or_text;inconsistent_order_id_format;leading_trailing_whitespace;merged_columns_duplicates;mixed_date_formats;negative_or_parentheses_price;quantity_non_numeric;tags_mixed_delimiters
157,ORD1157,address_multiline_or_missing_punctuation;currency_symbol_or_text;inconsistent_order_id_format;leading_trailing_whitespace;merged_columns_duplicates;missing_value_placeholder;product_name_typo_or_variant;quantity_non_numeric;tags_mixed_delimiters;tax_or_discount_percent_string;total_price_mismatch
158,#1158,address_multiline_or_missing_punctuation;country_region_mixed;currency_symbol_or_text;decimal_separator_variation;inconsistent_currency;invalid_date_token;leading_trailing_whitespace;merged_columns_duplicates;product_unknown;quantity_non_numeric
159,\tORD-1159  ,address_multiline_or_missing_punctuation;country_region_mixed;currency_symbol_or_text;inconsistent_case;inconsistent_order_id_format;leading_trailing_whitespace;merged_columns_duplicates;missing_value_placeholder;quantity_non_numeric
160,#1160,country_region_mixed;currency_symbol_or_text;leading_trailing_whitespace;merged_columns_duplicates;mixed_date_formats;phone_inconsistent_format;quantity_non_numeric;tags_mixed_delimiters
161,01161,address_multiline_or_missing_punctuation;country_region_mixed;currency_symbol_or_text;inconsistent_case;inconsistent_order_id_format;leading_trailing_whitespace;merged_columns_duplicates;missing_value_placeholder;phone_inconsistent_format;quantity_non_numeric;tax_or_discount_percent_string
162, 1162 ,currency_symbol_or_text;inconsistent_order_id_format;leading_trailing_whitespace;merged_columns_duplicates;mixed_date_formats;quantity_non_numeric;swapped_fields;tags_mixed_delimiters
163,#1163,currency_symbol_or_text;decimal_separator_variation;inconsistent_case;inconsistent_currency;leading_trailing_whitespace;merged_columns_duplicates;mixed_date_formats;phone_inconsistent_format;quantity_non_numeric;tags_mixed_delimiters
164,1164-01,address_multiline_or_missing_punctuation;currency_symbol_or_text;decimal_separator_variation;inconsistent_case;inconsistent_currency;inconsistent_order_id_format;leading_trailing_whitespace;merged_columns_duplicates;missing_value_placeholder;negative_or_parentheses_price;quantity_non_numeric
165,01165,currency_symbol_or_text;decimal_separator_variation;inconsistent_case;inconsistent_currency;inconsistent_order_id_format;leading_trailing_whitespace;merged_columns_duplicates;mixed_date_formats;quantity_non_numeric;tax_or_discount_percent_string
166,ORD-1166,address_multiline_or_missing_punctuation;currency_symbol_or_text;decimal_separator_variation;email_invalid_format;inconsistent_order_id_format;leading_trailing_whitespace;merged_columns_duplicates;quantity_non_numeric;tags_mixed_delimiters
167, 1167 ,country_region_mixed;email_invalid_format;inconsistent_currency;inconsistent_order_id_format;leading_trailing_whitespace;merged_columns_duplicates;missing_value_placeholder;phone_inconsistent_format;quantity_non_numeric;total_price_mismatch
168,  ORD1168  ,address_multiline_or_missing_punctuation;currency_symbol_or_text;inconsistent_currency;inconsistent_order_id_format;leading_trailing_whitespace;merged_columns_duplicates;missing_value_placeholder;mixed_date_formats;negative_or_parentheses_price;quantity_non_numeric
169, 1169 ,currency_symbol_or_text;decimal_separator_variation;inconsistent_currency;inconsistent_order_id_format;leading_trailing_whitespace;merged_columns_duplicates;mixed_date_formats;shipping_cost_free_string;tax_or_discount_percent_string
170,ORD1170,address_multiline_or_missing_punctuation;country_region_mixed;currency_symbol_or_text;decimal_separator_variation;inconsistent_order_id_format;leading_trailing_whitespace;merged_columns_duplicates;missing_value_placeholder;mixed_date_formats;quantity_non_numeric;tags_mixed_delimiters
171, 1171,country_region_mixed;currency_symbol_or_text;inconsistent_currency;inconsistent_order_id_format;leading_trailing_whitespace;merged_columns_duplicates;missing_value_placeholder;mixed_date_formats;quantity_non_numeric;tags_mixed_delimiters
172,1172,country_region_mixed;currency_symbol_or_text;decimal_separator_variation;inconsistent_case;inconsistent_order_id_format;invalid_date_token;leading_trailing_whitespace;merged_columns_duplicates;missing_value_placeholder;phone_inconsistent_format;quantity_non_numeric
173,1173,address_multiline_or_missing_punctuation;country_region_mixed;currency_symbol_or_text;email_invalid_format;inconsistent_order_id_format;leading_trailing_whitespace;merged_columns_duplicates;missing_value_placeholder;mixed_date_formats;negative_or_parentheses_price;quantity_non_numeric;quantity_range_string;tax_or_discount_percent_string
174,01174,country_region_mixed;currency_symbol_or_text;decimal_separator_variation;inconsistent_order_id_format;leading_trailing_whitespace;merged_columns_duplicates;product_name_typo_or_variant;quantity_non_numeric;shipping_cost_free_string;tax_or_discount_percent_string
175,ORD1175,address_multiline_or_missing_punctuation;country_region_mixed;decimal_separator_variation;inconsistent_case;inconsistent_currency;inconsistent_order_id_format;leading_trailing_whitespace;merged_columns_duplicates;negative_or_parentheses_price
176,ORD1176,country_region_mixed;currency_symbol_or_text;decimal_separator_variation;email_invalid_format;inconsistent_currency;inconsistent_order_id_format;leading_trailing_whitespace;merged_columns_duplicates;mixed_date_formats;quantity_non_numeric;tags_mixed_delimiters
177,01177,address_multiline_or_missing_punctuation;decimal_separator_variation;inconsistent_currency;inconsistent_order_id_format;leading_trailing_whitespace;merged_columns_duplicates;missing_value_placeholder;mixed_date_formats;quantity_non_numeric;shipping_cost_free_string
178,1178-01,currency_symbol_or_text;inconsistent_order_id_format;leading_trailing_whitespace;merged_columns_duplicates;product_name_typo_or_variant;quantity_non_numeric;quantity_range_string;tags_mixed_delimiters
179,1179-01,address_multiline_or_missing_punctuation;country_region_mixed;currency_symbol_or_text;decimal_separator_variation;inconsistent_case;inconsistent_order_id_format;leading_trailing_whitespace;merged_columns_duplicates;missing_value_placeholder;mixed_date_formats;total_price_mismatch
180,1180,address_multiline_or_missing_punctuation;country_region_mixed;currency_symbol_or_text;decimal_separator_variation;inconsistent_case;inconsistent_order_id_format;leading_trailing_whitespace;merged_columns_duplicates;mixed_date_formats;negative_or_parentheses_price
181,ORD1181,decimal_separator_variation;inconsistent_case;inconsistent_currency;inconsistent_order_id_format;leading_trailing_whitespace;merged_columns_duplicates;mixed_date_formats;negative_or_parentheses_price;quantity_non_numeric;tags_mixed_delimiters
182,\t1182-01,address_multiline_or_missing_punctuation;currency_symbol_or_text;decimal_separator_variation;email_invalid_format;inconsistent_order_id_format;leading_trailing_whitespace;merged_columns_duplicates;mixed_date_formats;negative_or_parentheses_price;phone_inconsistent_format;quantity_non_numeric
183,1183 ,currency_symbol_or_text;decimal_separator_variation;inconsistent_case;inconsistent_order_id_format;leading_trailing_whitespace;merged_columns_duplicates;mixed_date_formats;negative_or_parentheses_price
184,#1184,currency_symbol_or_text;decimal_separator_variation;inconsistent_currency;leading_trailing_whitespace;merged_columns_duplicates;missing_value_placeholder;mixed_date_formats;negative_or_parentheses_price;phone_inconsistent_format;quantity_non_numeric;quantity_range_string;tax_or_discount_percent_string
185,ORD1185,currency_symbol_or_text;email_invalid_format;inconsistent_order_id_format;leading_trailing_whitespace;merged_columns_duplicates;mixed_date_formats;outlier_date;quantity_non_numeric;tags_mixed_delimiters;tax_or_discount_percent_string
186,,currency_symbol_or_text;decimal_separator_variation;inconsistent_currency;inconsistent_order_id_format;leading_trailing_whitespace;merged_columns_duplicates;missing_value_placeholder;product_name_typo_or_variant;quantity_non_numeric;tags_mixed_delimiters
187, 1187 ,address_multiline_or_missing_punctuation;country_region_mixed;currency_symbol_or_text;decimal_separator_variation;inconsistent_currency;inconsistent_order_id_format;leading_trailing_whitespace;merged_columns_duplicates;missing_value_placeholder;negative_or_parentheses_price;product_unknown
188,01188,address_multiline_or_missing_punctuation;country_region_mixed;currency_symbol_or_text;decimal_separator_variation;inconsistent_case;inconsistent_currency;inconsistent_order_id_format;leading_trailing_whitespace;merged_columns_duplicates;mixed_date_formats;quantity_non_numeric;tax_or_discount_percent_string;total_price_mismatch
189,1189,address_multiline_or_missing_punctuation;decimal_separator_variation;inconsistent_currency;inconsistent_order_id_format;leading_trailing_whitespace;merged_columns_duplicates;mixed_date_formats;quantity_non_numeric;quantity_range_string
190, 1190 ,address_multiline_or_missing_punctuation;currency_symbol_or_text;decimal_separator_variation;inconsistent_currency;inconsistent_order_id_format;leading_trailing_whitespace;merged_columns_duplicates;mixed_date_formats;quantity_non_numeric
191,  1191 ,country_region_mixed;currency_symbol_or_text;decimal_separator_variation;inconsistent_order_id_format;leading_trailing_whitespace;merged_columns_duplicates;quantity_non_numeric
192,01192,country_region_mixed;currency_symbol_or_text;decimal_separator_variation;inconsistent_order_id_format;leading_trailing_whitespace;merged_columns_duplicates;missing_value_placeholder;mixed_date_formats;product_name_typo_or_variant;quantity_non_numeric;tags_mixed_delimiters
193, 01193  ,country_region_mixed;currency_symbol_or_text;decimal_separator_variation;inconsistent_order_id_format;leading_trailing_whitespace;merged_columns_duplicates;mixed_date_formats;product_name_typo_or_variant;quantity_non_numeric;quantity_range_string;tags_mixed_delimiters
194,#1194,address_multiline_or_missing_punctuation;decimal_separator_variation;email_invalid_format;inconsistent_currency;leading_trailing_whitespace;merged_columns_duplicates;quantity_non_numeric;tags_mixed_delimiters
195,ORD1195,decimal_separator_variation;inconsistent_order_id_format;leading_trailing_whitespace;merged_columns_duplicates;missing_value_placeholder;mixed_date_formats;quantity_non_numeric;shipping_cost_free_string
196,ORD1196,address_multiline_or_missing_punctuation;currency_symbol_or_text;decimal_separator_variation;inconsistent_currency;inconsistent_order_id_format;leading_trailing_whitespace;merged_columns_duplicates;product_name_typo_or_variant;quantity_non_numeric
197,01197,currency_symbol_or_text;inconsistent_currency;inconsistent_order_id_format;leading_trailing_whitespace;merged_columns_duplicates;missing_value_placeholder;mixed_date_formats;phone_inconsistent_format;product_name_typo_or_variant;quantity_non_numeric
198,#1198,currency_symbol_or_text;decimal_separator_variation;email_invalid_format;leading_trailing_whitespace;merged_columns_duplicates;missing_value_placeholder;mixed_date_formats;quantity_non_numeric
199,1199-01,country_region_mixed;currency_symbol_or_text;decimal_separator_variation;inconsistent_currency;inconsistent_order_id_format;leading_trailing_whitespace;merged_columns_duplicates;mixed_date_formats;outlier_date;quantity_non_numeric;quantity_range_string;tax_or_discount_percent_string
200,1200,address_multiline_or_missing_punctuation;currency_symbol_or_text;decimal_separator_variation;inconsistent_order_id_format;invalid_date_token;leading_trailing_whitespace;merged_columns_duplicates;missing_value_placeholder;quantity_non_numeric;tags_mixed_delimiters
201,01201,address_multiline_or_missing_punctuation;decimal_separator_variation;email_invalid_format;inconsistent_currency;inconsistent_order_id_format;leading_trailing_whitespace;merged_columns_duplicates;mixed_date_formats;quantity_non_numeric;quantity_range_string;shipping_cost_free_string
202,  01202 ,decimal_separator_variation;inconsistent_case;inconsistent_currency;inconsistent_order_id_format;leading_trailing_whitespace;merged_columns_duplicates;missing_value_placeholder;mixed_date_formats;quantity_non_numeric;tags_mixed_delimiters
203,#1203,address_multiline_or_missing_punctuation;currency_symbol_or_text;decimal_separator_variation;inconsistent_currency;leading_trailing_whitespace;merged_columns_duplicates;mixed_date_formats;quantity_non_numeric;quantity_range_string;tags_mixed_delimiters
204,ORD1204,country_region_mixed;currency_symbol_or_text;decimal_separator_variation;inconsistent_order_id_format;invalid_date_token;leading_trailing_whitespace;merged_columns_duplicates;missing_value_placeholder;shipping_cost_free_string
205,01205,address_multiline_or_missing_punctuation;currency_symbol_or_text;inconsistent_currency;inconsistent_order_id_format;leading_trailing_whitespace;merged_columns_duplicates;missing_value_placeholder;mixed_date_formats;quantity_non_numeric;shipping_cost_free_string;tags_mixed_delimiters;tax_or_discount_percent_string
206,ORD1206,currency_symbol_or_text;decimal_separator_variation;inconsistent_currency;inconsistent_order_id_format;leading_trailing_whitespace;merged_columns_duplicates;missing_value_placeholder;mixed_date_formats;phone_inconsistent_format
207,1207-01,address_multiline_or_missing_punctuation;country_region_mixed;decimal_separator_variation;inconsistent_order_id_format;leading_trailing_whitespace;merged_columns_duplicates;mixed_date_formats;product_name_typo_or_variant;tags_mixed_delimiters;tax_or_discount_percent_string
208, 1208 ,address_multiline_or_missing_punctuation;currency_symbol_or_text;decimal_separator_variation;inconsistent_currency;inconsistent_order_id_format;leading_trailing_whitespace;merged_columns_duplicates;missing_value_placeholder;tags_mixed_delimiters
209,ORD1209,currency_symbol_or_text;decimal_separator_variation;inconsistent_case;inconsistent_order_id_format;invalid_date_token;leading_trailing_whitespace;merged_columns_duplicates;negative_or_parentheses_price;quantity_non_numeric;tax_or_discount_percent_string
210,01210,address_multiline_or_missing_punctuation;currency_symbol_or_text;decimal_separator_variation;email_invalid_format;inconsistent_currency;inconsistent_order_id_format;leading_trailing_whitespace;merged_columns_duplicates;missing_value_placeholder;mixed_date_formats;phone_inconsistent_format;quantity_non_numeric;total_price_mismatch
211,1211,currency_symbol_or_text;decimal_separator_variation;email_invalid_format;inconsistent_order_id_format;leading_trailing_whitespace;merged_columns_duplicates;missing_value_placeholder;mixed_date_formats;quantity_non_numeric;tags_mixed_delimiters
212,01212,address_multiline_or_missing_punctuation;country_region_mixed;currency_symbol_or_text;inconsistent_currency;inconsistent_order_id_format;leading_trailing_whitespace;merged_columns_duplicates;missing_value_placeholder;mixed_date_formats;quantity_non_numeric;quantity_range_string
213,#1213,leading_trailing_whitespace;merged_columns_duplicates;missing_value_placeholder;mixed_date_formats;quantity_non_numeric;tax_or_discount_percent_string
214,#1214,currency_symbol_or_text;decimal_separator_variation;leading_trailing_whitespace;merged_columns_duplicates;missing_value_placeholder;phone_inconsistent_format;quantity_non_numeric;quantity_range_string;shipping_cost_free_string;tags_mixed_delimiters
215,#1215,currency_symbol_or_text;decimal_separator_variation;inconsistent_case;inconsistent_currency;leading_trailing_whitespace;merged_columns_duplicates;mixed_date_formats;quantity_non_numeric;shipping_cost_free_string;swapped_fields
216,  1216 ,currency_symbol_or_text;email_invalid_format;inconsistent_currency;inconsistent_order_id_format;leading_trailing_whitespace;merged_columns_duplicates;missing_value_placeholder;negative_or_parentheses_price;quantity_non_numeric;quantity_range_string
217, 1217 ,country_region_mixed;currency_symbol_or_text;decimal_separator_variation;inconsistent_order_id_format;leading_trailing_whitespace;merged_columns_duplicates;missing_value_placeholder;mixed_date_formats;negative_or_parentheses_price;phone_inconsistent_format;quantity_non_numeric
218,1218,address_multiline_or_missing_punctuation;currency_symbol_or_text;decimal_separator_variation;inconsistent_order_id_format;leading_trailing_whitespace;merged_columns_duplicates;missing_value_placeholder;mixed_date_formats;quantity_non_numeric;tags_mixed_delimiters
219,ORD1219,country_region_mixed;currency_symbol_or_text;email_invalid_format;inconsistent_currency;inconsistent_order_id_format;leading_trailing_whitespace;merged_columns_duplicates;missing_value_placeholder;mixed_date_formats;negative_or_parentheses_price;quantity_non_numeric
220,Order ID,currency_symbol_or_text;email_invalid_format;header_row_inside_data;inconsistent_case;inconsistent_order_id_format;leading_trailing_whitespace;merged_columns_duplicates;negative_or_parentheses_price;tax_or_discount_percent_string
221, 1221  ,currency_symbol_or_text;decimal_separator_variation;inconsistent_case;inconsistent_currency;inconsistent_order_id_format;leading_trailing_whitespace;merged_columns_duplicates;quantity_non_numeric;tags_mixed_delimiters;tax_or_discount_percent_string
222,ORD-1222  ,currency_symbol_or_text;inconsistent_order_id_format;leading_trailing_whitespace;merged_columns_duplicates;missing_value_placeholder;quantity_non_numeric;tags_mixed_delimiters
223,1223,currency_symbol_or_text;decimal_separator_variation;inconsistent_currency;inconsistent_order_id_format;leading_trailing_whitespace;merged_columns_duplicates;missing_value_placeholder;mixed_date_formats;phone_inconsistent_format;quantity_non_numeric
224,1224-01,country_region_mixed;currency_symbol_or_text;decimal_separator_variation;inconsistent_case;inconsistent_order_id_format;leading_trailing_whitespace;merged_columns_duplicates;missing_value_placeholder;quantity_non_numeric;quantity_range_string
225,   1225   ,country_region_mixed;currency_symbol_or_text;inconsistent_case;inconsistent_currency;inconsistent_order_id_format;invalid_date_token;leading_trailing_whitespace;merged_columns_duplicates;missing_value_placeholder;quantity_non_numeric
226,1226-01,country_region_mixed;decimal_separator_variation;inconsistent_currency;inconsistent_order_id_format;leading_trailing_whitespace;merged_columns_duplicates;missing_value_placeholder;mixed_date_formats;negative_or_parentheses_price;phone_inconsistent_format;quantity_non_numeric;quantity_range_string
227,ORD1227,address_multiline_or_missing_punctuation;currency_symbol_or_text;decimal_separator_variation;email_invalid_format;inconsistent_order_id_format;leading_trailing_whitespace;merged_columns_duplicates;missing_value_placeholder;product_name_typo_or_variant;shipping_cost_free_string;tags_mixed_delimiters
228,ORD1228,currency_symbol_or_text;decimal_separator_variation;inconsistent_currency;inconsistent_order_id_format;leading_trailing_whitespace;merged_columns_duplicates;missing_value_placeholder;quantity_non_numeric;tags_mixed_delimiters
229,ORD1229,address_multiline_or_missing_punctuation;currency_symbol_or_text;decimal_separator_variation;email_invalid_format;inconsistent_currency;inconsistent_order_id_format;leading_trailing_whitespace;merged_columns_duplicates;mixed_date_formats;phone_inconsistent_format;quantity_non_numeric;tags_mixed_delimiters
230, 1230 ,decimal_separator_variation;inconsistent_order_id_format;leading_trailing_whitespace;merged_columns_duplicates;mixed_date_formats;negative_or_parentheses_price;phone_inconsistent_format;product_name_typo_or_variant;quantity_non_numeric;tax_or_discount_percent_string
231, 1231 ,country_region_mixed;currency_symbol_or_text;decimal_separator_variation;inconsistent_order_id_format;leading_trailing_whitespace;merged_columns_duplicates;phone_inconsistent_format;product_name_typo_or_variant;quantity_non_numeric;shipping_cost_free_string;tags_mixed_delimiters;total_price_mismatch
232,01232,currency_symbol_or_text;decimal_separator_variation;email_invalid_format;inconsistent_order_id_format;leading_trailing_whitespace;merged_columns_duplicates;missing_value_placeholder;mixed_date_formats;phone_inconsistent_format;shipping_cost_free_string
233,01233,address_multiline_or_missing_punctuation;currency_symbol_or_text;inconsistent_case;inconsistent_order_id_format;leading_trailing_whitespace;merged_columns_duplicates;missing_value_placeholder;quantity_non_numeric
234,ORD-1234,address_multiline_or_missing_punctuation;currency_symbol_or_text;decimal_separator_variation;email_invalid_format;inconsistent_currency;inconsistent_order_id_format;leading_trailing_whitespace;merged_columns_duplicates;missing_value_placeholder;product_name_typo_or_variant;tags_mixed_delimiters
235, 1235 ,decimal_separator_variation;inconsistent_case;inconsistent_currency;inconsistent_order_id_format;leading_trailing_whitespace;merged_columns_duplicates;missing_value_placeholder;quantity_non_numeric;shipping_cost_free_string;tags_mixed_delimiters
236,ORD1236,currency_symbol_or_text;decimal_separator_variation;email_invalid_format;inconsistent_currency;inconsistent_order_id_format;leading_trailing_whitespace;merged_columns_duplicates;missing_value_placeholder;mixed_date_formats;phone_inconsistent_format;tags_mixed_delimiters
237,01237,address_multiline_or_missing_punctuation;currency_symbol_or_text;decimal_separator_variation;inconsistent_currency;inconsistent_order_id_format;leading_trailing_whitespace;merged_columns_duplicates;mixed_date_formats;negative_or_parentheses_price;phone_inconsistent_format;tags_mixed_delimiters;tax_or_discount_percent_string
238,01238,currency_symbol_or_text;inconsistent_case;inconsistent_currency;inconsistent_order_id_format;leading_trailing_whitespace;merged_columns_duplicates;missing_value_placeholder;mixed_date_formats;quantity_non_numeric
239,1239,currency_symbol_or_text;inconsistent_currency;inconsistent_order_id_format;leading_trailing_whitespace;merged_columns_duplicates;missing_value_placeholder;negative_or_parentheses_price;quantity_non_numeric
240,   1240   ,country_region_mixed;currency_symbol_or_text;inconsistent_currency;inconsistent_order_id_format;leading_trailing_whitespace;merged_columns_duplicates;mixed_date_formats;negative_or_parentheses_price;phone_inconsistent_format;shipping_cost_free_string;tags_mixed_delimiters;tax_or_discount_percent_string
241, 1241 ,currency_symbol_or_text;inconsistent_currency;inconsistent_order_id_format;leading_trailing_whitespace;merged_columns_duplicates;quantity_non_numeric;tags_mixed_delimiters
242,01242,address_multiline_or_missing_punctuation;currency_symbol_or_text;inconsistent_currency;inconsistent_order_id_format;leading_trailing_whitespace;merged_columns_duplicates;missing_value_placeholder;mixed_date_formats;quantity_non_numeric;tags_mixed_delimiters
243,ORD1243,currency_symbol_or_text;inconsistent_currency;inconsistent_order_id_format;leading_trailing_whitespace;merged_columns_duplicates;missing_value_placeholder;mixed_date_formats;negative_or_parentheses_price
244,1244-01,address_multiline_or_missing_punctuation;currency_symbol_or_text;inconsistent_currency;inconsistent_order_id_format;leading_trailing_whitespace;merged_columns_duplicates;mixed_date_formats;negative_or_parentheses_price;tags_mixed_delimiters;tax_or_discount_percent_string
245,01245,currency_symbol_or_text;decimal_separator_variation;inconsistent_order_id_format;leading_trailing_whitespace;merged_columns_duplicates;missing_value_placeholder;negative_or_parentheses_price;quantity_non_numeric;tags_mixed_delimiters
246,1246,country_region_mixed;currency_symbol_or_text;decimal_separator_variation;email_invalid_format;inconsistent_case;inconsistent_order_id_format;leading_trailing_whitespace;merged_columns_duplicates;missing_value_placeholder;mixed_date_formats;phone_inconsistent_format;quantity_non_numeric
247,1247-01 ,currency_symbol_or_text;decimal_separator_variation;inconsistent_order_id_format;leading_trailing_whitespace;merged_columns_duplicates;mixed_date_formats;phone_inconsistent_format;product_name_typo_or_variant;quantity_non_numeric;shipping_cost_free_string;tags_mixed_delimiters;tax_or_discount_percent_string
248,1248,currency_symbol_or_text;decimal_separator_variation;email_invalid_format;inconsistent_order_id_format;leading_trailing_whitespace;merged_columns_duplicates;quantity_non_numeric;shipping_cost_free_string;tags_mixed_delimiters;total_price_mismatch
249,1249-01,address_multiline_or_missing_punctuation;country_region_mixed;currency_symbol_or_text;decimal_separator_variation;inconsistent_order_id_format;leading_trailing_whitespace;merged_columns_duplicates;negative_or_parentheses_price;quantity_non_numeric
250,ORD1250,address_multiline_or_missing_punctuation;currency_symbol_or_text;decimal_separator_variation;inconsistent_case;inconsistent_order_id_format;leading_trailing_whitespace;merged_columns_duplicates;missing_value_placeholder;phone_inconsistent_format;quantity_non_numeric
251,ORD-1251,address_multiline_or_missing_punctuation;country_region_mixed;currency_symbol_or_text;decimal_separator_variation;inconsistent_case;inconsistent_currency;inconsistent_order_id_format;leading_trailing_whitespace;merged_columns_duplicates;missing_value_placeholder;negative_or_parentheses_price;quantity_non_numeric;quantity_range_string;tags_mixed_delimiters
252, 1252 ,address_multiline_or_missing_punctuation;currency_symbol_or_text;inconsistent_case;inconsistent_currency;inconsistent_order_id_format;leading_trailing_whitespace;merged_columns_duplicates;mixed_date_formats;negative_or_parentheses_price;shipping_cost_free_string;tags_mixed_delimiters
253,\tNULL,country_region_mixed;currency_symbol_or_text;decimal_separator_variation;inconsistent_currency;leading_trailing_whitespace;merged_columns_duplicates;missing_value_placeholder;product_name_typo_or_variant;quantity_non_numeric;tags_mixed_delimiters
254,#1254,country_region_mixed;currency_symbol_or_text;decimal_separator_variation;leading_trailing_whitespace;merged_columns_duplicates;missing_value_placeholder;quantity_non_numeric;tags_mixed_delimiters
255,ORD-1255,currency_symbol_or_text;decimal_separator_variation;email_invalid_format;inconsistent_currency;inconsistent_order_id_format;leading_trailing_whitespace;merged_columns_duplicates;missing_value_placeholder;tags_mixed_delimiters
256,  1256-01 ,address_multiline_or_missing_punctuation;country_region_mixed;decimal_separator_variation;inconsistent_currency;inconsistent_order_id_format;invalid_date_token;leading_trailing_whitespace;merged_columns_duplicates;missing_value_placeholder;product_name_typo_or_variant
257,1257-01,country_region_mixed;currency_symbol_or_text;decimal_separator_variation;email_invalid_format;inconsistent_currency;inconsistent_order_id_format;leading_trailing_whitespace;merged_columns_duplicates;missing_value_placeholder;mixed_date_formats;quantity_non_numeric;quantity_range_string;tags_mixed_delimiters
258,ORD-1258,currency_symbol_or_text;decimal_separator_variation;inconsistent_case;inconsistent_order_id_format;leading_trailing_whitespace;merged_columns_duplicates;quantity_non_numeric;quantity_range_string;shipping_cost_free_string;tags_mixed_delimiters
259,01259,currency_symbol_or_text;decimal_separator_variation;email_invalid_format;inconsistent_currency;inconsistent_order_id_format;leading_trailing_whitespace;merged_columns_duplicates;mixed_date_formats;quantity_non_numeric;tags_mixed_delimiters
260,01260,country_region_mixed;currency_symbol_or_text;email_invalid_format;inconsistent_case;inconsistent_order_id_format;leading_trailing_whitespace;merged_columns_duplicates;missing_value_placeholder;quantity_non_numeric;shipping_cost_free_string;tags_mixed_delimiters
261,Order ID,country_region_mixed;currency_symbol_or_text;email_invalid_format;header_row_inside_data;inconsistent_currency;inconsistent_order_id_format;leading_trailing_whitespace;merged_columns_duplicates;mixed_date_formats;phone_inconsistent_format;quantity_non_numeric
262, 1262,address_multiline_or_missing_punctuation;decimal_separator_variation;email_invalid_format;inconsistent_order_id_format;leading_trailing_whitespace;merged_columns_duplicates;product_name_typo_or_variant;tags_mixed_delimiters;tax_or_discount_percent_string;total_price_mismatch
263,\t1263,currency_symbol_or_text;email_invalid_format;inconsistent_currency;inconsistent_order_id_format;leading_trailing_whitespace;merged_columns_duplicates;missing_value_placeholder;negative_or_parentheses_price;phone_inconsistent_format
264,1264,country_region_mixed;currency_symbol_or_text;email_invalid_format;inconsistent_order_id_format;invalid_date_token;leading_trailing_whitespace;merged_columns_duplicates;missing_value_placeholder;negative_or_parentheses_price;quantity_non_numeric;tags_mixed_delimiters
265,01265,currency_symbol_or_text;decimal_separator_variation;email_invalid_format;inconsistent_currency;inconsistent_order_id_format;leading_trailing_whitespace;merged_columns_duplicates;negative_or_parentheses_price;phone_inconsistent_format;quantity_non_numeric
266,1266-01,currency_symbol_or_text;decimal_separator_variation;inconsistent_currency;inconsistent_order_id_format;leading_trailing_whitespace;merged_columns_duplicates;mixed_date_formats;quantity_non_numeric
267, 1267 ,decimal_separator_variation;inconsistent_currency;inconsistent_order_id_format;leading_trailing_whitespace;merged_columns_duplicates;missing_value_placeholder;mixed_date_formats;negative_or_parentheses_price;quantity_non_numeric;tags_mixed_delimiters
268,\t01268  ,country_region_mixed;currency_symbol_or_text;decimal_separator_variation;inconsistent_currency;inconsistent_order_id_format;leading_trailing_whitespace;merged_columns_duplicates;mixed_date_formats;quantity_non_numeric
269,\tORD1269,address_multiline_or_missing_punctuation;currency_symbol_or_text;decimal_separator_variation;inconsistent_currency;inconsistent_order_id_format;leading_trailing_whitespace;merged_columns_duplicates;missing_value_placeholder;mixed_date_formats
270,ORD-1270,address_multiline_or_missing_punctuation;currency_symbol_or_text;inconsistent_order_id_format;leading_trailing_whitespace;merged_columns_duplicates;mixed_date_formats;negative_or_parentheses_price;quantity_non_numeric;tags_mixed_delimiters
271,ORD-1271,address_multiline_or_missing_punctuation;country_region_mixed;currency_symbol_or_text;inconsistent_order_id_format;leading_trailing_whitespace;merged_columns_duplicates;missing_value_placeholder;mixed_date_formats;product_name_typo_or_variant;quantity_non_numeric;quantity_range_string;tags_mixed_delimiters
272,1272-01,address_multiline_or_missing_punctuation;country_region_mixed;currency_symbol_or_text;decimal_separator_variation;inconsistent_order_id_format;leading_trailing_whitespace;merged_columns_duplicates;mixed_date_formats;phone_inconsistent_format;quantity_non_numeric;tags_mixed_delimiters
273,1273,currency_symbol_or_text;decimal_separator_variation;inconsistent_case;inconsistent_currency;inconsistent_order_id_format;leading_trailing_whitespace;merged_columns_duplicates;missing_value_placeholder;negative_or_parentheses_price;quantity_non_numeric;quantity_range_string;tags_mixed_delimiters
274,1274-01,currency_symbol_or_text;inconsistent_order_id_format;leading_trailing_whitespace;merged_columns_duplicates;missing_value_placeholder;mixed_date_formats;product_name_typo_or_variant
275,1275-01,country_region_mixed;currency_symbol_or_text;inconsistent_order_id_format;leading_trailing_whitespace;merged_columns_duplicates;missing_value_placeholder;product_name_typo_or_variant;shipping_cost_free_string;tags_mixed_delimiters;tax_or_discount_percent_string
276,01276,address_multiline_or_missing_punctuation;decimal_separator_variation;inconsistent_order_id_format;leading_trailing_whitespace;merged_columns_duplicates;missing_value_placeholder;mixed_date_formats;quantity_non_numeric;quantity_range_string
277,null,currency_symbol_or_text;email_invalid_format;inconsistent_currency;inconsistent_order_id_format;leading_trailing_whitespace;merged_columns_duplicates;missing_value_placeholder;mixed_date_formats;negative_or_parentheses_price;tags_mixed_delimiters
278,1278-01,decimal_separator_variation;inconsistent_currency;inconsistent_order_id_format;leading_trailing_whitespace;merged_columns_duplicates;missing_value_placeholder;mixed_date_formats;negative_or_parentheses_price;quantity_non_numeric
279, 01279,address_multiline_or_missing_punctuation;country_region_mixed;currency_symbol_or_text;email_invalid_format;inconsistent_currency;inconsistent_order_id_format;leading_trailing_whitespace;merged_columns_duplicates;missing_value_placeholder;product_name_typo_or_variant;quantity_non_numeric;quantity_range_string;tax_or_discount_percent_string
280,ORD1280,currency_symbol_or_text;decimal_separator_variation;email_invalid_format;inconsistent_case;inconsistent_currency;inconsistent_order_id_format;leading_trailing_whitespace;merged_columns_duplicates;missing_value_placeholder;phone_inconsistent_format;quantity_non_numeric
281, 1281 ,address_multiline_or_missing_punctuation;currency_symbol_or_text;email_invalid_format;inconsistent_currency;inconsistent_order_id_format;leading_trailing_whitespace;merged_columns_duplicates;missing_value_placeholder;negative_or_parentheses_price;tags_mixed_delimiters;total_price_mismatch
282, ORD1282 ,address_multiline_or_missing_punctuation;currency_symbol_or_text;decimal_separator_variation;inconsistent_order_id_format;leading_trailing_whitespace;merged_columns_duplicates;quantity_non_numeric;shipping_cost_free_string
283,#1283,address_multiline_or_missing_punctuation;country_region_mixed;currency_symbol_or_text;decimal_separator_variation;leading_trailing_whitespace;merged_columns_duplicates;missing_value_placeholder;mixed_date_formats;negative_or_parentheses_price;quantity_non_numeric;shipping_cost_free_string;tags_mixed_delimiters
284,-,currency_symbol_or_text;decimal_separator_variation;inconsistent_order_id_format;leading_trailing_whitespace;merged_columns_duplicates;missing_value_placeholder;mixed_date_formats;quantity_non_numeric;shipping_cost_free_string;tags_mixed_delimiters
285,1285-01,address_multiline_or_missing_punctuation;decimal_separator_variation;email_invalid_format;inconsistent_currency;inconsistent_order_id_format;leading_trailing_whitespace;merged_columns_duplicates;missing_value_placeholder;mixed_date_formats;quantity_non_numeric
286,01286,currency_symbol_or_text;inconsistent_order_id_format;leading_trailing_whitespace;merged_columns_duplicates;missing_value_placeholder;quantity_non_numeric;tags_mixed_delimiters
287,01287,currency_symbol_or_text;decimal_separator_variation;inconsistent_case;inconsistent_order_id_format;leading_trailing_whitespace;merged_columns_duplicates;phone_inconsistent_format;tax_or_discount_percent_string
288, 1288 ,currency_symbol_or_text;inconsistent_case;inconsistent_currency;inconsistent_order_id_format;leading_trailing_whitespace;merged_columns_duplicates;mixed_date_formats;negative_or_parentheses_price;quantity_non_numeric;tags_mixed_delimiters
289, 1289 ,currency_symbol_or_text;decimal_separator_variation;inconsistent_order_id_format;leading_trailing_whitespace;merged_columns_duplicates;mixed_date_formats;quantity_non_numeric;total_price_mismatch
290,ORD1290,address_multiline_or_missing_punctuation;currency_symbol_or_text;decimal_separator_variation;email_invalid_format;inconsistent_case;inconsistent_order_id_format;leading_trailing_whitespace;merged_columns_duplicates;negative_or_parentheses_price
291, 1291 ,country_region_mixed;currency_symbol_or_text;email_invalid_format;inconsistent_order_id_format;leading_trailing_whitespace;merged_columns_duplicates;missing_value_placeholder;product_name_typo_or_variant;tax_or_discount_percent_string
292, 1292   ,currency_symbol_or_text;inconsistent_order_id_format;leading_trailing_whitespace;merged_columns_duplicates;mixed_date_formats;negative_or_parentheses_price;quantity_non_numeric
293,   1293   ,address_multiline_or_missing_punctuation;currency_symbol_or_text;decimal_separator_variation;inconsistent_currency;inconsistent_order_id_format;leading_trailing_whitespace;merged_columns_duplicates;missing_value_placeholder;phone_inconsistent_format;product_name_typo_or_variant;tags_mixed_delimiters
294,1294-01,country_region_mixed;currency_symbol_or_text;inconsistent_order_id_format;leading_trailing_whitespace;merged_columns_duplicates;phone_inconsistent_format;tax_or_discount_percent_string
295,#1295,currency_symbol_or_text;decimal_separator_variation;email_invalid_format;leading_trailing_whitespace;merged_columns_duplicates;missing_value_placeholder;quantity_non_numeric;shipping_cost_free_string;tags_mixed_delimiters
296,01296,country_region_mixed;currency_symbol_or_text;decimal_separator_variation;email_invalid_format;inconsistent_currency;inconsistent_order_id_format;leading_trailing_whitespace;merged_columns_duplicates;missing_value_placeholder;mixed_date_formats;tax_or_discount_percent_string
297,01297,country_region_mixed;currency_symbol_or_text;decimal_separator_variation;inconsistent_order_id_format;leading_trailing_whitespace;merged_columns_duplicates;phone_inconsistent_format;product_unknown;quantity_non_numeric
298,ORD1298,currency_symbol_or_text;decimal_separator_variation;inconsistent_currency;inconsistent_order_id_format;leading_trailing_whitespace;merged_columns_duplicates;missing_value_placeholder;mixed_date_formats;product_name_typo_or_variant;quantity_non_numeric
299,ORD-1299,inconsistent_case;inconsistent_currency;inconsistent_order_id_format;leading_trailing_whitespace;merged_columns_duplicates;missing_value_placeholder;quantity_non_numeric;tags_mixed_delimiters;tax_or_discount_percent_string
300,#1083,address_multiline_or_missing_punctuation;currency_symbol_or_text;duplicate_order_id_conflict;leading_trailing_whitespace;merged_columns_duplicates;quantity_non_numeric;tags_mixed_delimiters;tax_or_discount_percent_string
301,ORD1084,currency_symbol_or_text;duplicate_order_id_conflict;inconsistent_order_id_format;invalid_date_token;leading_trailing_whitespace;merged_columns_duplicates;mixed_date_formats;negative_or_parentheses_price;quantity_non_numeric
302,ORD-1053,country_region_mixed;currency_symbol_or_text;decimal_separator_variation;duplicate_order_id_conflict;inconsistent_case;inconsistent_currency;inconsistent_order_id_format;leading_trailing_whitespace;merged_columns_duplicates;missing_value_placeholder;mixed_date_formats;quantity_non_numeric;quantity_range_string;tags_mixed_delimiters;tax_or_discount_percent_string
303,ORD1206,currency_symbol_or_text;decimal_separator_variation;duplicate_order_id_conflict;inconsistent_currency;inconsistent_order_id_format;leading_trailing_whitespace;merged_columns_duplicates;missing_value_placeholder;mixed_date_formats;phone_inconsistent_format
304,ORD-1166,address_multiline_or_missing_punctuation;currency_symbol_or_text;decimal_separator_variation;duplicate_order_id_conflict;email_invalid_format;inconsistent_order_id_format;leading_trailing_whitespace;merged_columns_duplicates;missing_value_placeholder;quantity_non_numeric;tags_mixed_delimiters
305,01212,address_multiline_or_missing_punctuation;country_region_mixed;currency_symbol_or_text;duplicate_order_id_conflict;inconsistent_currency;inconsistent_order_id_format;leading_trailing_whitespace;merged_columns_duplicates;missing_value_placeholder;mixed_date_formats;outlier_date;quantity_non_numeric;quantity_range_string
306,01136,currency_symbol_or_text;decimal_separator_variation;duplicate_order_id_conflict;inconsistent_case;inconsistent_order_id_format;leading_trailing_whitespace;merged_columns_duplicates;missing_value_placeholder;mixed_date_formats;phone_inconsistent_format;quantity_non_numeric
307,1139-01,country_region_mixed;decimal_separator_variation;duplicate_order_id_conflict;email_invalid_format;inconsistent_currency;inconsistent_order_id_format;leading_trailing_whitespace;merged_columns_duplicates;missing_value_placeholder;mixed_date_formats;phone_inconsistent_format;quantity_non_numeric;quantity_range_string
308,-,address_multiline_or_missing_punctuation;country_region_mixed;currency_symbol_or_text;decimal_separator_variation;duplicate_order_id_conflict;email_invalid_format;inconsistent_case;leading_trailing_whitespace;merged_columns_duplicates;missing_value_placeholder;mixed_date_formats;phone_inconsistent_format;quantity_non_numeric
309,ORD-1077,country_region_mixed;currency_symbol_or_text;duplicate_order_id_conflict;email_invalid_format;inconsistent_order_id_format;invalid_date_token;leading_trailing_whitespace;merged_columns_duplicates;phone_inconsistent_format;quantity_non_numeric;quantity_range_string;tags_mixed_delimiters
